brand,breadcrumb,care_instructions,category,color,composition,currency,images,material_composition,pdp_url,product_description,product_name,promotion_description,rating,regular_price,review,selling_price,size,style,timestamp,unique_id
M&S,Home > Women > Dresses,"Wash at 40°C delicate, Do not bleach, Tumble dry medium temperature, Iron at medium temperature, Do not dry clean",Dresses,Denim,100% cotton (exclusive of trimmings),GBP,"https://assets.digitalcontent.marksandspencer.app/images/w_2560,q_auto,f_auto/SD_01_T42_8000D_HP_X_EC_0/Pure-Cotton-Denim-Midi-Shirt-Dress, https://assets.digitalcontent.marksandspencer.app/images/w_2560,q_auto,f_auto/SD_01_T42_8000D_HP_X_EC_90/Pure-Cotton-Denim-Midi-Shirt-Dress, https://assets.digitalcontent.marksandspencer.app/images/w_2560,q_auto,f_auto/SD_01_T42_8000D_HP_X_EC_1/Pure-Cotton-Denim-Midi-Shirt-Dress, https://assets.digitalcontent.marksandspencer.app/images/w_2560,q_auto,f_auto/SD_01_T42_8000D_HP_X_EC_2/Pure-Cotton-Denim-Midi-Shirt-Dress, https://assets.digitalcontent.marksandspencer.app/images/w_2560,q_auto,f_auto/SD_01_T42_8000D_HP_X_EC_3/Pure-Cotton-Denim-Midi-Shirt-Dress, https://assets.digitalcontent.marksandspencer.app/images/w_2560,q_auto,f_auto/SD_01_T42_8000D_HP_X_EC_4/Pure-Cotton-Denim-Midi-Shirt-Dress",100% cotton (exclusive of trimmings),https://www.marksandspencer.com/pure-cotton-denim-midi-shirt-dress/p/clp60778348,"Breeze through the warmer months in timeless style courtesy of this denim shirt dress. It's designed in a regular fit, with a button-through fastening and an elasticated self-tie belt that cinches the waist. This short-sleeved piece is finished with a shirttail hem and contrast stitching for added interest.
 
 M&S Collection: easy-to-wear wardrobe staples that combine classic and contemporary styles.",Pure Cotton Denim Midi Shirt Dress,N/A,N/A,46,N/A,46,"10, 12, 14, 16, 18, 6, 8, Petite, Regular, Tall","Regular fit, Button fastening",2026-01-16T11:43:26.819698Z,T428000D
M&S,Home > Women > Dresses > Midi Dresses,"Wash at 30°C, Do not bleach, Do not tumble dry, Iron at low temperature, Professional dry clean",Midi Dresses,Red,"95% viscose, 5% elastane",GBP,"https://assets.digitalcontent.marksandspencer.app/images/w_2560,q_auto,f_auto/MS_10_T83_8096G_B0_X_EC_0/Jersey-V-Neck-Button-Through-Empire-Line-Midi-Tea-Dress, https://assets.digitalcontent.marksandspencer.app/images/w_2560,q_auto,f_auto/MS_10_T83_8096G_B0_X_EC_1/Jersey-V-Neck-Button-Through-Empire-Line-Midi-Tea-Dress, https://assets.digitalcontent.marksandspencer.app/images/w_2560,q_auto,f_auto/MS_10_T83_8096G_B0_X_EC_2/Jersey-V-Neck-Button-Through-Empire-Line-Midi-Tea-Dress, https://assets.digitalcontent.marksandspencer.app/images/w_2560,q_auto,f_auto/MS_10_T83_8096G_B0_X_EC_3/Jersey-V-Neck-Button-Through-Empire-Line-Midi-Tea-Dress","95% viscose, 5% elastane",https://www.marksandspencer.com/jersey-v-neck-button-through-empire-line-midi-tea-dress/p/clp23031203?color=RED,"This versatile Finery London tea dress is crafted from soft jersey for a comfortable feel. It's cut to a regular fit, with a V-neckline and under-bust seams for a flattering empire line silhouette. The short puff-sleeved design is finished with contrasting buttons that run down the front to a midi-length hem.",Jersey V-Neck Button Through Empire Line Midi Tea Dress,Online only,3.83,45,6,45,"10, 12, 14, 16, 18, 20, 22, 24, 8","Regular fit, Button fastening, Unlined",2026-01-16T11:43:31.000175Z,T838096G
M&S,Home > Women > Dresses > Midi Dresses,"Wash at 30°C, Do not bleach, Do not tumble dry, Iron at low temperature, Professional dry clean",Midi Dresses,Red Mix,"96% polyester, 4% elastane",GBP,"https://assets.digitalcontent.marksandspencer.app/images/w_2560,q_auto,f_auto/MS_10_T83_9090E_B4_X_EC_0/Crepe-Printed-Midi-Tea-Dress, https://assets.digitalcontent.marksandspencer.app/images/w_2560,q_auto,f_auto/MS_10_T83_9090E_B4_X_EC_1/Crepe-Printed-Midi-Tea-Dress, https://assets.digitalcontent.marksandspencer.app/images/w_2560,q_auto,f_auto/MS_10_T83_9090E_B4_X_EC_2/Crepe-Printed-Midi-Tea-Dress, https://assets.digitalcontent.marksandspencer.app/images/w_2560,q_auto,f_auto/MS_10_T83_9090E_B4_X_EC_3/Crepe-Printed-Midi-Tea-Dress","96% polyester, 4% elastane",https://www.marksandspencer.com/crepe-printed-midi-tea-dress/p/clp23022884,"This crepe tea dress from Finery London offers versatility for any occasion, perfect for casual wear. It's made in a comfortable regular fit with elegant shirring at the waist to create a flattering silhouette. The short puff sleeves and crew neckline add a fashionable touch, while the ditsy printed fabric brings a fashionable element to this long midi-length dress. An elasticated waist ensures all-day comfort whether you're at work or enjoying the weekend.",Crepe Printed Midi Tea Dress,Online only,5,39,4,39,"10, 12, 14, 16, 18, 20, 22, 24, 8","Regular fit, Elasticated waist, Unlined",2026-01-16T11:43:33.114392Z,T839090E
M&S,Home > Women > Dresses > Midi Dresses,Machine wash according to instructions on care label,Midi Dresses,White Mix,"52% cotton, 48% modal",GBP,"https://assets.digitalcontent.marksandspencer.app/images/w_2560,q_auto,f_auto/SD_10_T83_4638D_Z4_X_EC_0/Jersey-Printed-V-Neck-Midi-Tea-Dress, https://assets.digitalcontent.marksandspencer.app/images/w_2560,q_auto,f_auto/SD_10_T83_4638D_Z4_X_EC_90/Jersey-Printed-V-Neck-Midi-Tea-Dress, https://assets.digitalcontent.marksandspencer.app/images/w_2560,q_auto,f_auto/SD_10_T83_4638D_Z4_X_EC_1/Jersey-Printed-V-Neck-Midi-Tea-Dress, https://assets.digitalcontent.marksandspencer.app/images/w_2560,q_auto,f_auto/SD_10_T83_4638D_Z4_X_EC_2/Jersey-Printed-V-Neck-Midi-Tea-Dress, https://assets.digitalcontent.marksandspencer.app/images/w_2560,q_auto,f_auto/SD_10_T83_4638D_Z4_X_EC_3/Jersey-Printed-V-Neck-Midi-Tea-Dress, https://assets.digitalcontent.marksandspencer.app/images/w_2560,q_auto,f_auto/SD_10_T83_4638D_Z4_X_EC_4/Jersey-Printed-V-Neck-Midi-Tea-Dress","52% cotton, 48% modal",https://www.marksandspencer.com/jersey-printed-v-neck-midi-tea-dress/p/clp22612694,"Bring a feminine feel to your ensemble with this cotton-blend tea dress by White Stuff. It's crafted in a regular fit from soft jersey fabric that moves with you. The v-neckline and slightly puffed short sleeves create a flattering silhouette, while the midi-length hem offers versatile styling. It's complete with an abstract print for a playful finish.",Jersey Printed V-Neck Midi Tea Dress,Online only,N/A,65,N/A,65,22,Regular fit,2026-01-16T11:43:35.936660Z,T834638D
M&S,Home > Women > Dresses,"Hand wash only, Do not bleach, Do not tumble dry, Do not iron, Do not dry clean",Dresses,N/A,"90% wool, 10% cashmere",GBP,"https://assets.digitalcontent.marksandspencer.app/images/w_2560,q_auto,f_auto/MS_10_T82_6770_KC_X_EC_0/Wool-Rich-Roll-Neck-Midi-Jumper-Dress","90% wool, 10% cashmere",https://www.marksandspencer.com/wool-rich-roll-neck-midi-jumper-dress/p/clp22603961?color=OATMEAL,"Knitted from a wool-rich yarn blended with a touch of luxurious cashmere, this jumper dress from Chinti & Parker offers softness and warmth. The regular fit creates an effortlessly elegant silhouette, while the snug roll neck adds cosy comfort. Long sleeves and a midi-length hem give this sweater a contemporary edge that's perfect for seasonal styling.",Wool Rich Roll Neck Midi Jumper Dress,Online only,3.5,150,2,150,"Large, Rating","Regular fit, Lined",2026-01-16T11:43:38.584315Z,T826770
M&S,Home > Women > Dresses,"Wash at 40°C delicate, Do not bleach, Tumble dry low temperature, Iron at medium temperature, Do not dry clean",Dresses,Raspberry,"55% linen, 45% viscose (exclusive of trimmings), Lace trim - 100% cotton",GBP,"https://assets.digitalcontent.marksandspencer.app/images/w_2560,q_auto,f_auto/SD_01_T52_8844_BV_X_EC_90/Linen-Rich-Scoop-Neck-Lace-Insert-Midi-Waisted-Dress","55% linen, 45% viscose (exclusive of trimmings), Lace trim - 100% cotton",https://www.marksandspencer.com/linen-rich-scoop-neck-lace-insert-midi-waisted-dress/p/clp60781161,"This linen-rich dress is a breathable addition to your warm-weather wardrobe. It's designed in a regular fit, with a scoop neckline and airy adjustable straps. The midi-length skirt features a lace insert for a romantic feel. This piece is finished with a button fastening at the back. 

M&S Collection: easy-to-wear wardrobe staples that combine classic and contemporary styles.",Linen Rich Scoop Neck Lace Insert Midi Waisted Dress,New,N/A,50,N/A,50,"10, 12, 14, 16, 18, 20, 22, 24, 6, 8, Petite, Regular, Tall","Regular fit, Button fastening",2026-01-16T11:43:42.032278Z,T528844
M&S,Home > Women > Dresses > Midi Dresses,"Wash at 40°C delicate, Do not bleach, Tumble dry low temperature, Iron at low temperature, Do not dry clean",Midi Dresses,Soft White,"100% cotton (exclusive of trimmings), Embroidery threads - 100% polyester",GBP,"https://assets.digitalcontent.marksandspencer.app/images/w_2560,q_auto,f_auto/SD_01_T52_0023_P6_X_EC_0/Pure-Cotton-Textured-Midi-Beach-Dress, https://assets.digitalcontent.marksandspencer.app/images/w_2560,q_auto,f_auto/SD_01_T52_0023_P6_X_EC_90/Pure-Cotton-Textured-Midi-Beach-Dress, https://assets.digitalcontent.marksandspencer.app/images/w_2560,q_auto,f_auto/SD_01_T52_0023_P6_X_EC_1/Pure-Cotton-Textured-Midi-Beach-Dress, https://assets.digitalcontent.marksandspencer.app/images/w_2560,q_auto,f_auto/SD_01_T52_0023_P6_X_EC_2/Pure-Cotton-Textured-Midi-Beach-Dress, https://assets.digitalcontent.marksandspencer.app/images/w_2560,q_auto,f_auto/SD_01_T52_0023_P6_X_EC_3/Pure-Cotton-Textured-Midi-Beach-Dress, https://assets.digitalcontent.marksandspencer.app/images/w_2560,q_auto,f_auto/SD_01_T52_0023_P6_X_EC_4/Pure-Cotton-Textured-Midi-Beach-Dress, https://assets.digitalcontent.marksandspencer.app/images/w_2560,q_auto,f_auto/SD_01_T52_0023_P6_X_EC_5/Pure-Cotton-Textured-Midi-Beach-Dress","100% cotton (exclusive of trimmings), Embroidery threads - 100% polyester",https://www.marksandspencer.com/pure-cotton-textured-midi-beach-dress/p/clp60774980,"This pure cotton beach dress is a pretty choice for sunny days. It's designed in a regular fit, with a scoop neckline and a tie fastening at the back. The midi-length skirt is tiered for extra fluttery movement. An all-over floral print and textured fabric add the finishing touch. M&S Collection: easy-to-wear wardrobe staples that combine classic and contemporary styles.",Pure Cotton Textured Midi Beach Dress,N/A,N/A,56,N/A,56,"Extra Small, Large, Medium, Small",Regular fit,2026-01-16T11:43:45.737689Z,T520023
M&S,Home > Women > Dresses > Midi Dresses,"Wash at 30°C, Do not bleach, Do not tumble dry, Iron at low temperature, Professional dry clean",Midi Dresses,Navy Mix,"96% polyester, 4% elastane",GBP,"https://assets.digitalcontent.marksandspencer.app/images/w_2560,q_auto,f_auto/MS_10_T83_9083Q_F4_X_EC_0/Crepe-Floral-V-Neck-Midi-Tea-Dress, https://assets.digitalcontent.marksandspencer.app/images/w_2560,q_auto,f_auto/MS_10_T83_9083Q_F4_X_EC_1/Crepe-Floral-V-Neck-Midi-Tea-Dress, https://assets.digitalcontent.marksandspencer.app/images/w_2560,q_auto,f_auto/MS_10_T83_9083Q_F4_X_EC_2/Crepe-Floral-V-Neck-Midi-Tea-Dress, https://assets.digitalcontent.marksandspencer.app/images/w_2560,q_auto,f_auto/MS_10_T83_9083Q_F4_X_EC_3/Crepe-Floral-V-Neck-Midi-Tea-Dress","96% polyester, 4% elastane",https://www.marksandspencer.com/crepe-floral-v-neck-midi-tea-dress/p/clp23026495,"This floral tea dress from Finery London is all about effortless femininity. It's made to a regular fit from a crease-free crepe to keep its smart looks all day, and features an empire seam under the v-neckline that adds a flattering shape to the midi-length silhouette. Tie details on the short puff sleeves complete the piece with pretty detail, and it fastens with an invisible zip on the side.",Crepe Floral V-Neck Midi Tea Dress,Online only,1,39,1,39,"10, 12, 14, 16, 18, 20, 22, 24","Regular fit, Unlined",2026-01-16T11:43:48.700770Z,T839083Q
M&S,Home > Women > Dresses,"Wash at 30°C, Do not bleach, Do not tumble dry, Iron at low temperature, Professional dry clean",Dresses,Red,100% polyester,GBP,"https://assets.digitalcontent.marksandspencer.app/images/w_2560,q_auto,f_auto/MS_10_T83_9050L_B0_X_EC_0/Georgette-Textured-Shirred-Midi-Tea-Dress, https://assets.digitalcontent.marksandspencer.app/images/w_2560,q_auto,f_auto/MS_10_T83_9050L_B0_X_EC_1/Georgette-Textured-Shirred-Midi-Tea-Dress, https://assets.digitalcontent.marksandspencer.app/images/w_2560,q_auto,f_auto/MS_10_T83_9050L_B0_X_EC_2/Georgette-Textured-Shirred-Midi-Tea-Dress, https://assets.digitalcontent.marksandspencer.app/images/w_2560,q_auto,f_auto/MS_10_T83_9050L_B0_X_EC_3/Georgette-Textured-Shirred-Midi-Tea-Dress",100% polyester,https://www.marksandspencer.com/georgette-textured-shirred-midi-tea-dress/p/clp23022910?color=RED,"With its lightweight georgette fabric and dobby texture, this Finery London tea dress is a pretty choice for smart occasions. It's cut in a comfy regular fit, with a shirred bodice for a figure-flattering look. The midi-length skirt is tiered for extra fluttery movement, while a neat ruffle at the crew neckline provides an elegant finish.",Georgette Textured Shirred Midi Tea Dress,Online only,5,59,3,59,"10, 12, 14, 16, 18, 20, 22, 24, 8","Regular fit, Back button fastening, Unlined",2026-01-16T11:43:51.466492Z,T839050L
M&S,Home > Women > Dresses > Midi Dresses,"Wash at 40°C delicate, Do not bleach, Tumble dry low temperature, Iron at low temperature, Professional dry clean",Midi Dresses,Cream,"49% polyester, 37% acrylic, 11% wool and 3% elastane (exclusive of trimmings)",GBP,"https://assets.digitalcontent.marksandspencer.app/images/w_2560,q_auto,f_auto/SD_01_T38_8872_K0_X_EC_0/Crew-Neck-Knitted-Dress-with-Wool, https://assets.digitalcontent.marksandspencer.app/images/w_2560,q_auto,f_auto/SD_01_T38_8872_K0_X_EC_90/Crew-Neck-Knitted-Dress-with-Wool, https://assets.digitalcontent.marksandspencer.app/images/w_2560,q_auto,f_auto/SD_01_T38_8872_K0_X_EC_1/Crew-Neck-Knitted-Dress-with-Wool, https://assets.digitalcontent.marksandspencer.app/images/w_2560,q_auto,f_auto/SD_01_T38_8872_K0_X_EC_2/Crew-Neck-Knitted-Dress-with-Wool, https://assets.digitalcontent.marksandspencer.app/images/w_2560,q_auto,f_auto/SD_01_T38_8872_K0_X_EC_3/Crew-Neck-Knitted-Dress-with-Wool, https://assets.digitalcontent.marksandspencer.app/images/w_2560,q_auto,f_auto/SD_01_T38_8872_K0_X_EC_4/Crew-Neck-Knitted-Dress-with-Wool","49% polyester, 37% acrylic, 11% wool and 3% elastane (exclusive of trimmings)",https://www.marksandspencer.com/crew-neck-knitted-dress-with-wool/p/clp60781556,"This midi-length knitted dress is a sophisticated choice for cooler days. It's cut to a sleek slim fit, with a crew neckline and added stretch for comfort. The reverse seam detailing on the sleeves adds a refined finish.

M&S Collection: easy-to-wear wardrobe staples that combine classic and contemporary styles.",Crew Neck Knitted Dress with Wool,N/A,4.55,36,11,36,"Extra Large, Extra Small, Large, Medium, Small","Slim fit, Crew neck, Added Stretch",2026-01-16T11:43:54.335978Z,T388872
M&S,Home > Women > Dresses > Midi Dresses,"Wash at 30°C, Do not bleach, Do not tumble dry, Iron at low temperature, Professional dry clean",Midi Dresses,Indigo,100% cotton,GBP,"https://assets.digitalcontent.marksandspencer.app/images/w_2560,q_auto,f_auto/MS_10_T83_9176J_XB_X_EC_0/Pure-Cotton-Denim-Midi-Relaxed-Dress, https://assets.digitalcontent.marksandspencer.app/images/w_2560,q_auto,f_auto/MS_10_T83_9176J_XB_X_EC_1/Pure-Cotton-Denim-Midi-Relaxed-Dress, https://assets.digitalcontent.marksandspencer.app/images/w_2560,q_auto,f_auto/MS_10_T83_9176J_XB_X_EC_2/Pure-Cotton-Denim-Midi-Relaxed-Dress, https://assets.digitalcontent.marksandspencer.app/images/w_2560,q_auto,f_auto/MS_10_T83_9176J_XB_X_EC_3/Pure-Cotton-Denim-Midi-Relaxed-Dress",100% cotton,https://www.marksandspencer.com/pure-cotton-denim-midi-dress/p/clp23040392,"This Baukjen dress is crafted from pure cotton denim for a laid-back vibe. It comes in a relaxed fit, with tiers in the midi-length skirt adding graceful movement to the easy silhouette. A zip on the collared neckline adds a casual, modern element, while the long sleeves are gathered with button cuffs for a feminine touch. Side pockets complete the piece with practical detail.",Pure Cotton Denim Midi Relaxed Dress,Online only,N/A,179,N/A,179,"10, 12, 14, 16, 18, 6, 8","Relaxed fit, Zip fastening, Unlined",2026-01-16T11:43:57.221866Z,T839176J
M&S,Home > Women > Dresses > Midi Dresses,"Wash at 30°C, Do not bleach, Do not tumble dry, Iron at low temperature, Professional dry clean",Midi Dresses,Green,"50% cotton, 50% viscose",GBP,"https://assets.digitalcontent.marksandspencer.app/images/w_2560,q_auto,f_auto/MS_10_T83_8725Q_J0_X_EC_0/Cotton-Blend-Gingham-V-Neck-Midi-Smock-Dress, https://assets.digitalcontent.marksandspencer.app/images/w_2560,q_auto,f_auto/MS_10_T83_8725Q_J0_X_EC_1/Cotton-Blend-Gingham-V-Neck-Midi-Smock-Dress, https://assets.digitalcontent.marksandspencer.app/images/w_2560,q_auto,f_auto/MS_10_T83_8725Q_J0_X_EC_2/Cotton-Blend-Gingham-V-Neck-Midi-Smock-Dress, https://assets.digitalcontent.marksandspencer.app/images/w_2560,q_auto,f_auto/MS_10_T83_8725Q_J0_X_EC_3/Cotton-Blend-Gingham-V-Neck-Midi-Smock-Dress","50% cotton, 50% viscose",https://www.marksandspencer.com/cotton-blend-gingham-v-neck-midi-smock-dress/p/clp23026454?color=GREEN,"Light and breezy, this seersucker smock dress from Finery London is perfect for effortless casual summer style. It's cut in a regular fit with a flattering waist seam that creates an elegant silhouette. The V-neckline and button-through front add a touch of sophistication, while practical side pockets add to its everyday appeal. Short blouson sleeves give this gingham pattern midi length dress a feminine finish.",Cotton Blend Gingham V-Neck Midi Smock Dress,Online only,4.67,55,9,55,"10, 12, 14, 16, 18, 20, 22, 24, 8","Regular fit, Unlined",2026-01-16T11:44:00.052073Z,T838725Q
M&S,Home > Women > Dresses > Midi Dresses,"Wash at 30°C, Do not bleach, Do not tumble dry, Iron at low temperature, Professional dry clean",Midi Dresses,Navy,"95% viscose, 5% elastane",GBP,"https://assets.digitalcontent.marksandspencer.app/images/w_2560,q_auto,f_auto/MS_10_T83_8096G_F0_X_EC_0/Jersey-V-Neck-Button-Through-Empire-Line-Midi-Tea-Dress, https://assets.digitalcontent.marksandspencer.app/images/w_2560,q_auto,f_auto/MS_10_T83_8096G_F0_X_EC_1/Jersey-V-Neck-Button-Through-Empire-Line-Midi-Tea-Dress, https://assets.digitalcontent.marksandspencer.app/images/w_2560,q_auto,f_auto/MS_10_T83_8096G_F0_X_EC_2/Jersey-V-Neck-Button-Through-Empire-Line-Midi-Tea-Dress, https://assets.digitalcontent.marksandspencer.app/images/w_2560,q_auto,f_auto/MS_10_T83_8096G_F0_X_EC_3/Jersey-V-Neck-Button-Through-Empire-Line-Midi-Tea-Dress","95% viscose, 5% elastane",https://www.marksandspencer.com/jersey-v-neck-button-through-empire-line-midi-tea-dress/p/clp23031203?color=NAVY,"This versatile Finery London tea dress is crafted from soft jersey for a comfortable feel. It's cut to a regular fit, with a V-neckline and under-bust seams for a flattering empire line silhouette. The short puff-sleeved design is finished with contrasting buttons that run down the front to a midi-length hem.",Jersey V-Neck Button Through Empire Line Midi Tea Dress,Online only,3.83,45,6,45,"10, 12, 14, 16, 18, 20, 22, 24, 8","Regular fit, Button fastening, Unlined",2026-01-16T11:44:03.451017Z,T838096G
M&S,Home > Women > Dresses,Machine wash according to instructions on care label,Dresses,Black,"98% cotton, 2% elastane",GBP,"https://assets.digitalcontent.marksandspencer.app/images/w_2560,q_auto,f_auto/MS_10_T83_8774E_Y0_X_EC_0/Denim-Ruched-Midi-Column-Dress, https://assets.digitalcontent.marksandspencer.app/images/w_2560,q_auto,f_auto/MS_10_T83_8774E_Y0_X_EC_1/Denim-Ruched-Midi-Column-Dress, https://assets.digitalcontent.marksandspencer.app/images/w_2560,q_auto,f_auto/MS_10_T83_8774E_Y0_X_EC_2/Denim-Ruched-Midi-Column-Dress, https://assets.digitalcontent.marksandspencer.app/images/w_2560,q_auto,f_auto/MS_10_T83_8774E_Y0_X_EC_3/Denim-Ruched-Midi-Column-Dress","98% cotton, 2% elastane",https://www.marksandspencer.com/denim-ruched-midi-column-dress/p/clp23021209?color=BLACK,"This denim dress by Sosandar is a great addition to your wardrobe. It's made in a regular fit with a ruched waist that creates a flattering silhouette. The column shape falls to a midi length with a split hem for easy movement. Practical popper fastenings run down the front from the collared neckline to the knee, making it perfect for dressing up or down.",Denim Ruched Midi Column Dress,N/A,5,79,2,79,"10, 12, 14, 16, 18, 20, 6, 8",Regular fit,2026-01-16T11:44:07.448484Z,T838774E
M&S,Home > Women > Dresses,"Do not wash, Do not bleach, Do not tumble dry, Iron at low temperature, Gentle professional dry clean",Dresses,Charcoal,"85% viscose, 15% wool (exclusive of trimmings), Lining - 100% viscose",GBP,"https://assets.digitalcontent.marksandspencer.app/images/w_2560,q_auto,f_auto/SD_09_T97_6340J_VP_X_EC_90/Embroidered-Midi-Skater-Dress-With-Wool","85% viscose, 15% wool (exclusive of trimmings), Lining - 100% viscose",https://www.marksandspencer.com/embroidered-midi-skater-dress-with-wool/p/clp60778202,"Embroidered flowers add a touch of detail to this dress, crafted with wool, by Jaeger. It's cut in a regular fit with a flattering fit-and-flare silhouette. A simple round neckline and long sleeves give a sophisticated look. Functional pockets at the sides and a neat button front add the finishing touches. Wear this piece with heeled boots to perfect your day-to-evening style.",Embroidered Midi Skater Dress With Wool,New,N/A,150,N/A,150,"10, 12, 14, 16, 18, 20, 6, 8","Product Length: Midi, Fit: Regular fit, Fastening: Button fastening, Unlined",2026-01-16T11:44:09.968983Z,T976340J
M&S,Home > Women > Dresses,"Wash at 40°C delicate, Do not bleach, Do not tumble dry, Do not iron, Professional dry clean",Dresses,Raisin,"97% polyester, 3% elastane (exclusive of trimmings)",GBP,"https://assets.digitalcontent.marksandspencer.app/images/w_2560,q_auto,f_auto/SD_01_T42_0019_I7_X_EC_0/Jersey-Plisse-Midaxi-Skater-Dress, https://assets.digitalcontent.marksandspencer.app/images/w_2560,q_auto,f_auto/SD_01_T42_0019_I7_X_EC_90/Jersey-Plisse-Midaxi-Skater-Dress, https://assets.digitalcontent.marksandspencer.app/images/w_2560,q_auto,f_auto/SD_01_T42_0019_I7_X_EC_1/Jersey-Plisse-Midaxi-Skater-Dress, https://assets.digitalcontent.marksandspencer.app/images/w_2560,q_auto,f_auto/SD_01_T42_0019_I7_X_EC_2/Jersey-Plisse-Midaxi-Skater-Dress, https://assets.digitalcontent.marksandspencer.app/images/w_2560,q_auto,f_auto/SD_01_T42_0019_I7_X_EC_3/Jersey-Plisse-Midaxi-Skater-Dress, https://assets.digitalcontent.marksandspencer.app/images/w_2560,q_auto,f_auto/SD_01_T42_0019_I7_X_EC_4/Jersey-Plisse-Midaxi-Skater-Dress","97% polyester, 3% elastane (exclusive of trimmings)",https://www.marksandspencer.com/jersey-plisse-midaxi-skater-dress/p/clp60774960,"This jersey dress is crafted with plisse pleats for a textured effect. Flattering fitted shape, with added stretch in the fabric for comfort. The hem falls to a midaxi length for a sophisticated silhouette. Long sleeves and round neckline complete the piece. 
 
 M&S Collection: easy-to-wear wardrobe staples that combine classic and contemporary styles.",Jersey Plisse Midaxi Skater Dress,N/A,4.5,36,8,36,"10, 12, 14, 16, 18, 20, 22, 24, 6, 8, Petite, Regular, Tall","Fitted, Added Stretch",2026-01-16T11:44:13.625915Z,T420019
M&S,Home > Women > Dresses > Midi Dresses,"Wash at 30°C, Do not bleach, Do not tumble dry, Iron at low temperature, Professional dry clean",Midi Dresses,Yellow Mix,"95% viscose, 5% elastane",GBP,"https://assets.digitalcontent.marksandspencer.app/images/w_2560,q_auto,f_auto/MS_10_T83_8095G_R4_X_EC_0/Jersey-Floral-Puff-Sleeve-Midi-Tea-Dress, https://assets.digitalcontent.marksandspencer.app/images/w_2560,q_auto,f_auto/MS_10_T83_8095G_R4_X_EC_1/Jersey-Floral-Puff-Sleeve-Midi-Tea-Dress, https://assets.digitalcontent.marksandspencer.app/images/w_2560,q_auto,f_auto/MS_10_T83_8095G_R4_X_EC_2/Jersey-Floral-Puff-Sleeve-Midi-Tea-Dress, https://assets.digitalcontent.marksandspencer.app/images/w_2560,q_auto,f_auto/MS_10_T83_8095G_R4_X_EC_3/Jersey-Floral-Puff-Sleeve-Midi-Tea-Dress","95% viscose, 5% elastane",https://www.marksandspencer.com/jersey-floral-puff-sleeve-midi-tea-dress/p/clp23031192?color=YELLOWMIX,"Crafted from soft jersey, this tea dress by Finery London is as comfy as it is stylish. It's made in a regular fit, with a midi-length hem and a waist seam that creates a flattering fitted silhouette. Short puffed sleeves with gathered cuffs frame the crew-neck bodice. A print of climbing daisies adds extra charm, and pockets provide a handy finish.",Jersey Floral Puff Sleeve Midi Tea Dress,Online only,5,49,9,49,"10, 12, 14, 16, 18, 20, 22, 8","Regular fit, Button fastening, Unlined",2026-01-16T11:44:16.793841Z,T838095G
M&S,Home > Women > Dresses > Midi Dresses,"Wash at 40°C delicate, Do not bleach, Tumble dry low temperature, Iron at low temperature, Do not dry clean",Midi Dresses,Black,"69% polyester, 30% viscose and 1% elastane",GBP,"https://assets.digitalcontent.marksandspencer.app/images/w_2560,q_auto,f_auto/SD_01_T42_8823J_Y0_X_EC_0/Jersey-Ribbed-Midi-T-Shirt-Dress, https://assets.digitalcontent.marksandspencer.app/images/w_2560,q_auto,f_auto/SD_01_T42_8823J_Y0_X_EC_90/Jersey-Ribbed-Midi-T-Shirt-Dress, https://assets.digitalcontent.marksandspencer.app/images/w_2560,q_auto,f_auto/SD_01_T42_8823J_Y0_X_EC_1/Jersey-Ribbed-Midi-T-Shirt-Dress, https://assets.digitalcontent.marksandspencer.app/images/w_2560,q_auto,f_auto/SD_01_T42_8823J_Y0_X_EC_2/Jersey-Ribbed-Midi-T-Shirt-Dress, https://assets.digitalcontent.marksandspencer.app/images/w_2560,q_auto,f_auto/SD_01_T42_8823J_Y0_X_EC_3/Jersey-Ribbed-Midi-T-Shirt-Dress, https://assets.digitalcontent.marksandspencer.app/images/w_2560,q_auto,f_auto/SD_01_T42_8823J_Y0_X_EC_4/Jersey-Ribbed-Midi-T-Shirt-Dress","69% polyester, 30% viscose and 1% elastane",https://www.marksandspencer.com/jersey-ribbed-midi-t-shirt-dress/p/clp60783756,"This jersey T-shirt dress is a versatile choice for casual days. It's designed in a relaxed fit, with added stretch for a comfortable feel. The midi-length skirt features side splits for easy movement. A ribbed texture and a crew neckline complete the laid-back look. 
 
 M&S Collection: easy-to-wear wardrobe staples that combine classic and contemporary styles.",Jersey Ribbed Midi T-Shirt Dress,New,N/A,30,N/A,30,"10, 12, 14, 16, 18, 6, 8","Relaxed fit, Added Stretch",2026-01-16T11:44:20.565845Z,T428823J
M&S,Home > Women > Dresses > Midi Dresses,"Wash at 30°C, Do not bleach, Do not tumble dry, Iron at low temperature, Professional dry clean",Midi Dresses,Green Mix,"95% viscose, 5% elastane",GBP,"https://assets.digitalcontent.marksandspencer.app/images/w_2560,q_auto,f_auto/MS_10_T83_8097G_J4_X_EC_0/Jersey-Floral-V-Neck-Midi-Tea-Dress, https://assets.digitalcontent.marksandspencer.app/images/w_2560,q_auto,f_auto/MS_10_T83_8097G_J4_X_EC_1/Jersey-Floral-V-Neck-Midi-Tea-Dress, https://assets.digitalcontent.marksandspencer.app/images/w_2560,q_auto,f_auto/MS_10_T83_8097G_J4_X_EC_2/Jersey-Floral-V-Neck-Midi-Tea-Dress, https://assets.digitalcontent.marksandspencer.app/images/w_2560,q_auto,f_auto/MS_10_T83_8097G_J4_X_EC_3/Jersey-Floral-V-Neck-Midi-Tea-Dress","95% viscose, 5% elastane",https://www.marksandspencer.com/jersey-floral-v-neck-midi-tea-dress/p/clp23031207?color=GREENMIX,"This tea dress by Finery London is made from soft jersey fabric for easy comfort. It's cut in a regular fit, with a classic tea shape, flattering v-neckline and button-through fastening. An all-over floral print gives an elegant finish.",Jersey Floral V-Neck Midi Tea Dress,Online only,3.67,49,3,49,"10, 12, 14, 16, 18, 20, 22, 24, 8","Regular fit, Button fastening, Unlined",2026-01-16T11:44:24.365936Z,T838097G
M&S,Home > Women > Dresses,"Wash at 30°C, Do not bleach, Do not tumble dry, Iron at low temperature, Professional dry clean",Dresses,Indigo,"50% cotton, 40% lyocell and 10% modal",GBP,"https://assets.digitalcontent.marksandspencer.app/images/w_2560,q_auto,f_auto/SD_10_T83_4831W_XB_X_EC_0/Denim-Midi-Shirt-Dress, https://assets.digitalcontent.marksandspencer.app/images/w_2560,q_auto,f_auto/SD_10_T83_4831W_XB_X_EC_1/Denim-Midi-Shirt-Dress, https://assets.digitalcontent.marksandspencer.app/images/w_2560,q_auto,f_auto/SD_10_T83_4831W_XB_X_EC_2/Denim-Midi-Shirt-Dress, https://assets.digitalcontent.marksandspencer.app/images/w_2560,q_auto,f_auto/SD_10_T83_4831W_XB_X_EC_3/Denim-Midi-Shirt-Dress, https://assets.digitalcontent.marksandspencer.app/images/w_2560,q_auto,f_auto/SD_10_T83_4831W_XB_X_EC_4/Denim-Midi-Shirt-Dress","50% cotton, 40% lyocell and 10% modal",https://www.marksandspencer.com/denim-midi-shirt-dress/p/clp22572849,"Easy to wear from day to night, this denim shirt dress from Sosandar is perfect for creating effortless summer outfits. The smart fit and flare shape features a belt that defines the waist, while the A-line skirt flows to a flattering midi length. Made from soft denim for comfort, it's detailed with contrast buttons down the front that can be adjusted to create movement. The classic collared neck and long sleeves add a finishing touch to this dress that everyone will love.",Denim Midi Shirt Dress,Online only,4.39,79,18,79,"10, 12, 14, 16, 18, 20, 6, 8","Fitted, Button fastening, Unlined",2026-01-16T11:44:28.350211Z,T834831W
M&S,Home > Women > Dresses > Midi Dresses,"Wash at 30°C, Do not bleach, Do not tumble dry, Iron at low temperature, Professional dry clean",Midi Dresses,Red,100% polyester,GBP,"https://assets.digitalcontent.marksandspencer.app/images/w_2560,q_auto,f_auto/MS_10_T83_8573F_B0_X_EC_0/Chiffon-Round-Neck-Midi-Tiered-Dress, https://assets.digitalcontent.marksandspencer.app/images/w_2560,q_auto,f_auto/MS_10_T83_8573F_B0_X_EC_1/Chiffon-Round-Neck-Midi-Tiered-Dress, https://assets.digitalcontent.marksandspencer.app/images/w_2560,q_auto,f_auto/MS_10_T83_8573F_B0_X_EC_2/Chiffon-Round-Neck-Midi-Tiered-Dress, https://assets.digitalcontent.marksandspencer.app/images/w_2560,q_auto,f_auto/MS_10_T83_8573F_B0_X_EC_3/Chiffon-Round-Neck-Midi-Tiered-Dress",100% polyester,https://www.marksandspencer.com/chiffon-round-neck-midi-tiered-dress/p/clp23027239?color=RED,"This chiffon midi dress from Finery London is ideal for special occasions. It's cut in a comfy regular fit, with a floaty tiered hemline and a flattering empire line that gathers under the bust. The short sleeves feature ruffled trims for a feminine feel. A keyhole button fastening at the back of the neck and a discreet side zip complete the design.",Chiffon Round Neck Midi Tiered Dress,Online only,4.88,59,8,59,"10, 12, 14, 16, 18, 20, 22, 24, 8","Regular fit, Back button fastening, Unlined",2026-01-16T11:44:31.714578Z,T838573F
M&S,Home > Women > Dresses > Midi Dresses,"Wash at 30°C, Do not bleach, Do not tumble dry, Iron at low temperature, Professional dry clean",Midi Dresses,Black Mix,"50% cotton, 50% viscose",GBP,"https://assets.digitalcontent.marksandspencer.app/images/w_2560,q_auto,f_auto/MS_10_T83_8783J_Y4_X_EC_0/Cotton-Blend-Gingham-Seersucker-Midi-Dress, https://assets.digitalcontent.marksandspencer.app/images/w_2560,q_auto,f_auto/MS_10_T83_8783J_Y4_X_EC_1/Cotton-Blend-Gingham-Seersucker-Midi-Dress, https://assets.digitalcontent.marksandspencer.app/images/w_2560,q_auto,f_auto/MS_10_T83_8783J_Y4_X_EC_2/Cotton-Blend-Gingham-Seersucker-Midi-Dress, https://assets.digitalcontent.marksandspencer.app/images/w_2560,q_auto,f_auto/MS_10_T83_8783J_Y4_X_EC_3/Cotton-Blend-Gingham-Seersucker-Midi-Dress","50% cotton, 50% viscose",https://www.marksandspencer.com/cotton-blend-seersucker-midi-dress/p/clp23039347,"This cotton-blend seersucker tea dress from Finery London is a fresh take on the timeless gingham print. The button-through style is designed in an easy regular fit, with a flattering v-neckline and short puff sleeves. A curved waist panel and gathering under the bust provide extra shaping. Side pockets grace the full, gathered midi skirt for a practical touch.",Cotton Blend Gingham Seersucker Midi Dress,Online only,N/A,55,N/A,55,"10, 12, 14, 16, 18, 20, 22, 24, 8, Petite, Regular","Regular fit, Button fastening, Unlined",2026-01-16T11:44:34.817513Z,T838783J
M&S,Home > Women > Dresses > Midi Dresses,"Wash at 30°C, Do not bleach, Do not tumble dry, Iron at low temperature, Professional dry clean",Midi Dresses,Burgundy,"45% viscose, 40% polyester and 15% nylon",GBP,"https://assets.digitalcontent.marksandspencer.app/images/w_2560,q_auto,f_auto/MS_10_T83_9693J_XM_X_EC_0/Satin-Crinkle-Round-Neck-Midi-Skater-Dress, https://assets.digitalcontent.marksandspencer.app/images/w_2560,q_auto,f_auto/MS_10_T83_9693J_XM_X_EC_90/Satin-Crinkle-Round-Neck-Midi-Skater-Dress, https://assets.digitalcontent.marksandspencer.app/images/w_2560,q_auto,f_auto/MS_10_T83_9693J_XM_X_EC_1/Satin-Crinkle-Round-Neck-Midi-Skater-Dress, https://assets.digitalcontent.marksandspencer.app/images/w_2560,q_auto,f_auto/MS_10_T83_9693J_XM_X_EC_2/Satin-Crinkle-Round-Neck-Midi-Skater-Dress","45% viscose, 40% polyester and 15% nylon",https://www.marksandspencer.com/crinkle-midi-dress/p/clp23042947,"This Albaray dress is crafted from crinkle satin for a luxurious effect. Timeless regular fit, with a flattering fit-and-flare shape and a swishy midi-length skirt. The short sleeves are puffed for a romantic feel. A neat back zip completes the look.",Satin Crinkle Round Neck Midi Skater Dress,Online only,N/A,120,N/A,120,"10, 12, 14, 16, 18, 8","Regular fit, Back zip fastening, Unlined",2026-01-16T11:44:38.768468Z,T839693J
M&S,Home > Women > Dresses,"Wash at 30°C, Do not bleach, Do not tumble dry, Iron at low temperature, Professional dry clean",Dresses,Pink Mix,"95% polyester, 5% elastane  , Lining - 95% viscose, 5% elastane",GBP,"https://assets.digitalcontent.marksandspencer.app/images/w_2560,q_auto,f_auto/SD_10_T83_6341D_A4_X_EC_0/Floral-V-Neck-Ruched-Midi-Bodycon-Dress, https://assets.digitalcontent.marksandspencer.app/images/w_2560,q_auto,f_auto/SD_10_T83_6341D_A4_X_EC_1/Floral-V-Neck-Ruched-Midi-Bodycon-Dress, https://assets.digitalcontent.marksandspencer.app/images/w_2560,q_auto,f_auto/SD_10_T83_6341D_A4_X_EC_2/Floral-V-Neck-Ruched-Midi-Bodycon-Dress, https://assets.digitalcontent.marksandspencer.app/images/w_2560,q_auto,f_auto/SD_10_T83_6341D_A4_X_EC_3/Floral-V-Neck-Ruched-Midi-Bodycon-Dress, https://assets.digitalcontent.marksandspencer.app/images/w_2560,q_auto,f_auto/SD_10_T83_6341D_A4_X_EC_4/Floral-V-Neck-Ruched-Midi-Bodycon-Dress","95% polyester, 5% elastane  , Lining - 95% viscose, 5% elastane",https://www.marksandspencer.com/floral-v-neck-ruched-midi-bodycon-dress/p/clp22586574,"Bold florals bloom across this striking mesh dress from Sosandar. It's cut to a fitted bodycon silhouette with elegant ruching through the front for a flattering effect. The v-neckline and flared long sleeves create a feminine silhouette, while the midi length and front split add detail. This flowery print design makes it perfect for summer occasions, whether you're dressing up for a party or keeping it casual.",Floral V-Neck Ruched Midi Bodycon Dress,Online only,4.44,79,9,79,"10, 12, 14, 16, 18, 20, 6, 8","Fitted, Lined",2026-01-16T11:44:41.863027Z,T836341D
M&S,Home > Women > Dresses > Midi Dresses,"Wash at 30°C, Do not bleach, Do not tumble dry, Iron at low temperature, Professional dry clean",Midi Dresses,Green,"95% viscose, 5% elastane",GBP,"https://assets.digitalcontent.marksandspencer.app/images/w_2560,q_auto,f_auto/MS_10_T83_8090G_J0_X_EC_0/Jersey-V-Neck-Midi-Tiered-Dress, https://assets.digitalcontent.marksandspencer.app/images/w_2560,q_auto,f_auto/MS_10_T83_8090G_J0_X_EC_1/Jersey-V-Neck-Midi-Tiered-Dress, https://assets.digitalcontent.marksandspencer.app/images/w_2560,q_auto,f_auto/MS_10_T83_8090G_J0_X_EC_2/Jersey-V-Neck-Midi-Tiered-Dress, https://assets.digitalcontent.marksandspencer.app/images/w_2560,q_auto,f_auto/MS_10_T83_8090G_J0_X_EC_3/Jersey-V-Neck-Midi-Tiered-Dress","95% viscose, 5% elastane",https://www.marksandspencer.com/jersey-v-neck-midi-tiered-dress/p/clp23031196?color=GREEN,"This Finery London dress is crafted from jersey fabric for a luxuriously soft feel. It's cut in a regular fit, with short sleeves and an elegant v-neckline. The bodice features a row of buttons for a neat look, while the skirt falls to a midi length with a flattering tiered hemline.",Jersey V-Neck Midi Tiered Dress,Online only,5,45,1,45,"10, 12, 14, 16, 18, 20, 22, 24, 8","Regular fit, Button fastening, Unlined",2026-01-16T11:44:45.701451Z,T838090G
M&S,Home > Women > Dresses > Midi Dresses,"Wash at 30°C, Do not bleach, Do not tumble dry, Iron at low temperature, Professional dry clean",Midi Dresses,Red,"50% cotton, 50% viscose",GBP,"https://assets.digitalcontent.marksandspencer.app/images/w_2560,q_auto,f_auto/MS_10_T83_8725Q_B0_X_EC_0/Cotton-Blend-Gingham-V-Neck-Midi-Smock-Dress, https://assets.digitalcontent.marksandspencer.app/images/w_2560,q_auto,f_auto/MS_10_T83_8725Q_B0_X_EC_1/Cotton-Blend-Gingham-V-Neck-Midi-Smock-Dress, https://assets.digitalcontent.marksandspencer.app/images/w_2560,q_auto,f_auto/MS_10_T83_8725Q_B0_X_EC_2/Cotton-Blend-Gingham-V-Neck-Midi-Smock-Dress, https://assets.digitalcontent.marksandspencer.app/images/w_2560,q_auto,f_auto/MS_10_T83_8725Q_B0_X_EC_3/Cotton-Blend-Gingham-V-Neck-Midi-Smock-Dress","50% cotton, 50% viscose",https://www.marksandspencer.com/cotton-blend-gingham-v-neck-midi-smock-dress/p/clp23026454?color=RED,"Light and breezy, this seersucker smock dress from Finery London is perfect for effortless casual summer style. It's cut in a regular fit with a flattering waist seam that creates an elegant silhouette. The V-neckline and button-through front add a touch of sophistication, while practical side pockets add to its everyday appeal. Short blouson sleeves give this gingham pattern midi length dress a feminine finish.",Cotton Blend Gingham V-Neck Midi Smock Dress,Online only,4.67,55,9,55,"10, 12, 14, 16, 18, 20, 22, 24, 8","Regular fit, Unlined",2026-01-16T11:44:48.777211Z,T838725Q
M&S,Home > Women > Dresses > Midi Dresses,"Wash at 30°C, Do not bleach, Do not tumble dry, Iron at low temperature, Professional dry clean",Midi Dresses,Red,"95% viscose, 5% elastane",GBP,"https://assets.digitalcontent.marksandspencer.app/images/w_2560,q_auto,f_auto/MS_10_T83_9066V_B0_X_EC_0/Jersey-Round-Neck-Midi-T-Shirt-Skater-Dress, https://assets.digitalcontent.marksandspencer.app/images/w_2560,q_auto,f_auto/MS_10_T83_9066V_B0_X_EC_1/Jersey-Round-Neck-Midi-T-Shirt-Skater-Dress, https://assets.digitalcontent.marksandspencer.app/images/w_2560,q_auto,f_auto/MS_10_T83_9066V_B0_X_EC_2/Jersey-Round-Neck-Midi-T-Shirt-Skater-Dress, https://assets.digitalcontent.marksandspencer.app/images/w_2560,q_auto,f_auto/MS_10_T83_9066V_B0_X_EC_3/Jersey-Round-Neck-Midi-T-Shirt-Skater-Dress","95% viscose, 5% elastane",https://www.marksandspencer.com/jersey-round-neck-midi-t-shirt-skater-dress/p/clp23022880?color=RED,"This midi t-shirt dress from Finery London offers a simple, chic look perfect for any preference. It's made from smooth jersey in a regular fit. The flattering fit-and-flare shape is comfortable to wear and moves with you, creating a long-lasting silhouette that flatters. The round neckline and short sleeves create a clean, classic t-shirt-inspired look. There's a keyhole button fastening at the back that adds a nice detail. The midi length is suitable for everyday wear. Finery London - effortless style for every day.",Jersey Round Neck Midi T-Shirt Skater Dress,Online only,4.64,39,14,39,"10, 12, 14, 16, 18, 20, 22, 24, 8","Regular fit, Back button fastening, Unlined",2026-01-16T11:44:52.117624Z,T839066V
M&S,Home > Women > Dresses > Midi Dresses,"Wash at 40°C delicate, Do not bleach, Tumble dry medium temperature, Do not iron, Professional dry clean",Midi Dresses,Black,"60% cotton, 39% polyamide and 1% elastane (exclusive of trimmings)",GBP,"https://assets.digitalcontent.marksandspencer.app/images/w_2560,q_auto,f_auto/SD_01_T42_8791J_Y0_X_EC_0/Cotton-Rich-Textured-Midi-Column-Dress, https://assets.digitalcontent.marksandspencer.app/images/w_2560,q_auto,f_auto/SD_01_T42_8791J_Y0_X_EC_90/Cotton-Rich-Textured-Midi-Column-Dress, https://assets.digitalcontent.marksandspencer.app/images/w_2560,q_auto,f_auto/SD_01_T42_8791J_Y0_X_EC_1/Cotton-Rich-Textured-Midi-Column-Dress, https://assets.digitalcontent.marksandspencer.app/images/w_2560,q_auto,f_auto/SD_01_T42_8791J_Y0_X_EC_2/Cotton-Rich-Textured-Midi-Column-Dress, https://assets.digitalcontent.marksandspencer.app/images/w_2560,q_auto,f_auto/SD_01_T42_8791J_Y0_X_EC_3/Cotton-Rich-Textured-Midi-Column-Dress, https://assets.digitalcontent.marksandspencer.app/images/w_2560,q_auto,f_auto/SD_01_T42_8791J_Y0_X_EC_4/Cotton-Rich-Textured-Midi-Column-Dress","60% cotton, 39% polyamide and 1% elastane (exclusive of trimmings)",https://www.marksandspencer.com/cotton-rich-textured-midi-column-dress/p/clp60778367?color=BLACK,"This cotton-rich column dress is an effortlessly elegant choice. It's designed in a flattering fitted shape, with added stretch in the textured fabric for comfort. The midi-length skirt features a back slit for easy movement. Long flared sleeves and a round neckline create a sophisticated silhouette. 
 
 M&S Collection: easy-to-wear wardrobe staples that combine classic and contemporary styles.",Cotton Rich Textured Midi Column Dress,New,N/A,33,N/A,33,"10, 12, 14, 16, 18, 6, 8, Petite, Regular, Tall","Fitted, Added Stretch",2026-01-16T11:44:55.204837Z,T428791J
M&S,Home > Women > Dresses,"Wash at 30°C, Do not bleach, Do not tumble dry, Iron at low temperature, Professional dry clean",Dresses,N/A,100% viscose,GBP,"https://assets.digitalcontent.marksandspencer.app/images/w_2560,q_auto,f_auto/MS_10_T83_8607U_KY_X_EC_0/Crepe-Embroidered-V-Neck-Midi-Tea-Dress, https://assets.digitalcontent.marksandspencer.app/images/w_2560,q_auto,f_auto/MS_10_T83_8607U_KY_X_EC_1/Crepe-Embroidered-V-Neck-Midi-Tea-Dress, https://assets.digitalcontent.marksandspencer.app/images/w_2560,q_auto,f_auto/MS_10_T83_8607U_KY_X_EC_2/Crepe-Embroidered-V-Neck-Midi-Tea-Dress, https://assets.digitalcontent.marksandspencer.app/images/w_2560,q_auto,f_auto/MS_10_T83_8607U_KY_X_EC_3/Crepe-Embroidered-V-Neck-Midi-Tea-Dress",100% viscose,https://www.marksandspencer.com/crepe-embroidered-v-neck-midi-tea-dress/p/clp23022985?color=IVORY,"This Ghost tea dress flows beautifully in soft crepe fabric, giving you a lovely drapey look. With its flattering v-neckline, it's cut in a comfortable regular fit that flatters your shape. The short puff sleeves come with gathered cuffs for an on-trend touch, while pretty floral embroidery adds a feminine touch throughout. The elegant midi length gives you plenty of styling options for any occasion.",Crepe Embroidered V-Neck Midi Tea Dress,N/A,N/A,149,N/A,149,N/A,Regular fit,2026-01-16T11:44:58.643538Z,T838607U
M&S,Home > Women > Dresses,Machine wash according to instructions on care label,Dresses,Light Green,"Outer - 100% polyester , Lining - 100% polyester",GBP,"https://assets.digitalcontent.marksandspencer.app/images/w_2560,q_auto,f_auto/MS_10_T83_9157T_J1_X_EC_0/Lace-Midi-Waisted-Dress, https://assets.digitalcontent.marksandspencer.app/images/w_2560,q_auto,f_auto/MS_10_T83_9157T_J1_X_EC_90/Lace-Midi-Waisted-Dress, https://assets.digitalcontent.marksandspencer.app/images/w_2560,q_auto,f_auto/MS_10_T83_9157T_J1_X_EC_1/Lace-Midi-Waisted-Dress, https://assets.digitalcontent.marksandspencer.app/images/w_2560,q_auto,f_auto/MS_10_T83_9157T_J1_X_EC_2/Lace-Midi-Waisted-Dress, https://assets.digitalcontent.marksandspencer.app/images/w_2560,q_auto,f_auto/MS_10_T83_9157T_J1_X_EC_3/Lace-Midi-Waisted-Dress","Outer - 100% polyester , Lining - 100% polyester",https://www.marksandspencer.com/lace-midi-waisted-dress/p/clp23002809?color=LIGHTGREEN,"With intricate lace detailing, this Monsoon midi dress is a romantic addition to your wardrobe. It's cut in a regular fit that elegantly shapes your silhouette with subtle waist definition, while the soft fabric ensures a beautiful drape to the perfect midi length. The bodice, crew neck and short fluttery sleeves feature delicate lace overlay for a feminine touch, with a neat zip fastening completing the look.",Lace Midi Waisted Dress,N/A,4.33,135,12,135,"10, 12, 14, 16, 18, 20, 22, 24, 6, 8","Regular fit, Back zip fastening, Lined",2026-01-16T11:45:00.747631Z,T839157T
M&S,Home > Women > Dresses,"Do not wash, Do not bleach, Do not tumble dry, Do not iron, Professional dry clean",Dresses,Multi,"Main - 100% viscose, Lining - 100% viscose",GBP,"https://assets.digitalcontent.marksandspencer.app/images/w_2560,q_auto,f_auto/MS_10_T08_8011T_ZZ_X_EC_0/Floral-Cowl-Neck-Midi-Shift-Dress, https://assets.digitalcontent.marksandspencer.app/images/w_2560,q_auto,f_auto/MS_10_T08_8011T_ZZ_X_EC_90/Floral-Cowl-Neck-Midi-Shift-Dress, https://assets.digitalcontent.marksandspencer.app/images/w_2560,q_auto,f_auto/MS_10_T08_8011T_ZZ_X_EC_1/Floral-Cowl-Neck-Midi-Shift-Dress, https://assets.digitalcontent.marksandspencer.app/images/w_2560,q_auto,f_auto/MS_10_T08_8011T_ZZ_X_EC_2/Floral-Cowl-Neck-Midi-Shift-Dress, https://assets.digitalcontent.marksandspencer.app/images/w_2560,q_auto,f_auto/MS_10_T08_8011T_ZZ_X_EC_4/Floral-Cowl-Neck-Midi-Shift-Dress","Main - 100% viscose, Lining - 100% viscose",https://www.marksandspencer.com/floral-cowl-neck-midi-shift-dress/p/clp23050426,"This Jigsaw midi dress is crafted with an antique-style floral print for a romantic look. It's cut in a comfortable regular fit, with a cowl neckline and short, fluttery sleeves. The waist is cinched in with a shirred panel for a flattering silhouette.",Floral Cowl Neck Midi Shift Dress,New,N/A,199,N/A,199,"10, 12, 14, 16, 18, 6, 8",Dresses,2026-01-16T11:45:03.878360Z,T088011T
M&S,Home > Women > Dresses,"Wash at 40°C delicate, Do not bleach, Do not tumble dry, Iron at low temperature, Do not dry clean",Dresses,Black,"86% viscose, 14% elastane, Skirt - 74% polyester, 26% cotton",GBP,"https://assets.digitalcontent.marksandspencer.app/images/w_2560,q_auto,f_auto/SD_01_T42_8806J_Y0_X_EC_0/Jersey-Ribbed-Midi-Drop-Waist-Dress, https://assets.digitalcontent.marksandspencer.app/images/w_2560,q_auto,f_auto/SD_01_T42_8806J_Y0_X_EC_1/Jersey-Ribbed-Midi-Drop-Waist-Dress, https://assets.digitalcontent.marksandspencer.app/images/w_2560,q_auto,f_auto/SD_01_T42_8806J_Y0_X_EC_2/Jersey-Ribbed-Midi-Drop-Waist-Dress, https://assets.digitalcontent.marksandspencer.app/images/w_2560,q_auto,f_auto/SD_01_T42_8806J_Y0_X_EC_3/Jersey-Ribbed-Midi-Drop-Waist-Dress","86% viscose, 14% elastane, Skirt - 74% polyester, 26% cotton",https://www.marksandspencer.com/jersey-ribbed-midi-waisted-dress/p/clp60783263?color=BLACK,"Embrace understated elegance in this jersey dress. It's cut in a flattering, fitted shape, with a classic round neckline. The short-sleeved bodice is finished with an all-over ribbed texture for a tactile look, while the midi dropped-waist skirt features gentle gathers for a touch of elegant movement. This versatile day-to-evening style is crafted with added stretch for a comfortable fit.

M&S Collection: easy-to-wear wardrobe staples that combine classic and contemporary styles.",Jersey Ribbed Midi Drop Waist Dress,New,4.71,30,7,30,"10, 12, 14, 16, 18, 6, 8","Fitted, Added Stretch",2026-01-16T11:45:07.199338Z,T428806J
M&S,Home > Women > Dresses > Midi Dresses,Machine wash according to instructions on care label,Midi Dresses,Pink,"54% linen, 46% viscose",GBP,"https://assets.digitalcontent.marksandspencer.app/images/w_2560,q_auto,f_auto/MS_10_T83_8859F_A0_X_EC_0/Linen-Blend-Midi-Wrap-Dress, https://assets.digitalcontent.marksandspencer.app/images/w_2560,q_auto,f_auto/MS_10_T83_8859F_A0_X_EC_1/Linen-Blend-Midi-Wrap-Dress, https://assets.digitalcontent.marksandspencer.app/images/w_2560,q_auto,f_auto/MS_10_T83_8859F_A0_X_EC_2/Linen-Blend-Midi-Wrap-Dress, https://assets.digitalcontent.marksandspencer.app/images/w_2560,q_auto,f_auto/MS_10_T83_8859F_A0_X_EC_3/Linen-Blend-Midi-Wrap-Dress, https://assets.digitalcontent.marksandspencer.app/images/w_2560,q_auto,f_auto/MS_10_T83_8859F_A0_X_EC_4/Linen-Blend-Midi-Wrap-Dress","54% linen, 46% viscose",https://www.marksandspencer.com/linen-blend-midi-wrap-dress/p/clp23028840,"This linen-blend dress by Sosandar is a sophisticated warm-weather piece. It's cut in a regular fit, with a flattering faux wrap front that's cinched at the waist with a buckle detail. Short angel sleeves bring a romantic feel. This midi-length style fastens with a discreet zip at the back.",Linen Blend Midi Wrap Dress,Online only,N/A,79,N/A,79,"10, 12, 14, 16, 18, 20, 6, 8","Regular fit, Back zip fastening, Unlined",2026-01-16T11:45:10.843788Z,T838859F
M&S,Home > Women > Dresses > Midi Dresses,"Wash at 30°C, Do not bleach, Do not tumble dry, Iron at low temperature, Professional dry clean",Midi Dresses,Black,100% viscose,GBP,"https://assets.digitalcontent.marksandspencer.app/images/w_2560,q_auto,f_auto/MS_10_T83_9613F_Y0_X_EC_0/V-Neck-Zip-Up-Midaxi-Shirt-Dress, https://assets.digitalcontent.marksandspencer.app/images/w_2560,q_auto,f_auto/MS_10_T83_9613F_Y0_X_EC_1/V-Neck-Zip-Up-Midaxi-Shirt-Dress, https://assets.digitalcontent.marksandspencer.app/images/w_2560,q_auto,f_auto/MS_10_T83_9613F_Y0_X_EC_2/V-Neck-Zip-Up-Midaxi-Shirt-Dress",100% viscose,https://www.marksandspencer.com/v-neck-zip-up-midaxi-shirt-dress/p/clp23030333?color=BLACK,"This Finery London shirt dress is crafted from soft denim for a timeless look. It's cut in a regular fit, with a smart collared v-neckline and short sleeves. A tiered midaxi-length skirt provides a feminine feel, while a zip fastening on the bodice adds a modern touch to the design.",V-Neck Zip Up Midaxi Shirt Dress,Online only,4.29,49,7,49,"10, 12, 14, 16, 18, 20, 22, 24, 8","Regular fit, Zip fastening, Unlined",2026-01-16T11:45:13.544847Z,T839613F
M&S,Home > Women > Dresses > Midi Dresses,"Wash at 30°C, Do not bleach, Do not tumble dry, Iron at low temperature, Professional dry clean",Midi Dresses,Pink Mix,"95% viscose, 5% elastane",GBP,"https://assets.digitalcontent.marksandspencer.app/images/w_2560,q_auto,f_auto/MS_10_T83_8089G_A4_X_EC_0/Jersey-Floral-V-Neck-Midi-Tiered-Dress, https://assets.digitalcontent.marksandspencer.app/images/w_2560,q_auto,f_auto/MS_10_T83_8089G_A4_X_EC_1/Jersey-Floral-V-Neck-Midi-Tiered-Dress, https://assets.digitalcontent.marksandspencer.app/images/w_2560,q_auto,f_auto/MS_10_T83_8089G_A4_X_EC_2/Jersey-Floral-V-Neck-Midi-Tiered-Dress, https://assets.digitalcontent.marksandspencer.app/images/w_2560,q_auto,f_auto/MS_10_T83_8089G_A4_X_EC_3/Jersey-Floral-V-Neck-Midi-Tiered-Dress","95% viscose, 5% elastane",https://www.marksandspencer.com/jersey-floral-v-neck-midi-tiered-dress/p/clp23031206?color=PINKMIX,"This dress from Finery London is crafted from soft jersey fabric for a cosy feel. It's cut in a comfortable regular fit with a flattering v-neckline and short sleeves. Buttons on the bodice and a tiered midi-length skirt add feminine detail, while the all-over floral print delivers a striking finish.",Jersey Floral V-Neck Midi Tiered Dress,Online only,N/A,49,N/A,49,"10, 12, 14, 16, 18, 20, 22, 24, 8","Regular fit, Button fastening, Unlined",2026-01-16T11:45:16.623274Z,T838089G
M&S,Home > Women > Dresses,"Wash at 40°C, Do not bleach, Do not tumble dry, Iron at medium temperature, Do not dry clean",Dresses,Denim,100% cotton (exclusive of trimmings),GBP,"https://assets.digitalcontent.marksandspencer.app/images/w_2560,q_auto,f_auto/SD_01_T42_5591D_HP_X_EC_0/Denim-V-Neck-Button-Through-Midi-Shift-Dress, https://assets.digitalcontent.marksandspencer.app/images/w_2560,q_auto,f_auto/SD_01_T42_5591D_HP_X_EC_90/Denim-V-Neck-Button-Through-Midi-Shift-Dress, https://assets.digitalcontent.marksandspencer.app/images/w_2560,q_auto,f_auto/SD_01_T42_5591D_HP_X_EC_1/Denim-V-Neck-Button-Through-Midi-Shift-Dress, https://assets.digitalcontent.marksandspencer.app/images/w_2560,q_auto,f_auto/SD_01_T42_5591D_HP_X_EC_2/Denim-V-Neck-Button-Through-Midi-Shift-Dress, https://assets.digitalcontent.marksandspencer.app/images/w_2560,q_auto,f_auto/SD_01_T42_5591D_HP_X_EC_3/Denim-V-Neck-Button-Through-Midi-Shift-Dress, https://assets.digitalcontent.marksandspencer.app/images/w_2560,q_auto,f_auto/SD_01_T42_5591D_HP_X_EC_4/Denim-V-Neck-Button-Through-Midi-Shift-Dress, https://assets.digitalcontent.marksandspencer.app/images/w_2560,q_auto,f_auto/SD_01_T42_5591D_HP_X_EC_5/Denim-V-Neck-Button-Through-Midi-Shift-Dress",100% cotton (exclusive of trimmings),https://www.marksandspencer.com/denim-v-neck-button-through-midi-shift-dress/p/clp60778371,"Warm-weather outfitting is effortless with this denim midi dress in your wardrobe. It's cut in a regular fit, with a v-shaped neckline and a smart button-through front. The shift shape and princess seams create a flattering shape, while the sleeveless design makes it ideal for layering. 

M&S Collection: easy-to-wear wardrobe staples that combine classic and contemporary styles.",Denim V-Neck Button Through Midi Shift Dress,N/A,3,40,5,40,"10, 12, 14, 16, 18, 6, 8","Regular fit, Button fastening",2026-01-16T11:45:19.881388Z,T425591D
M&S,Home > Women > Dresses,"Wash at 40°C delicate, Do not bleach, Do not tumble dry, Iron at low temperature, Do not dry clean",Dresses,Ivory Mix,"99% polyester, 1% elastane (exclusive of trimmings)",GBP,"https://assets.digitalcontent.marksandspencer.app/images/w_2560,q_auto,f_auto/SD_01_T42_5724_Y8_X_EC_90/Checked-Tie-Detail-Midi-Cami-Dress","99% polyester, 1% elastane (exclusive of trimmings)",https://www.marksandspencer.com/checked-tie-detail-midi-cami-dress/p/clp60759084,"Bring a touch of gingham to your warm-weather wardrobe with this checked cami dress. It's cut in a regular fit, with a flattering square neckline and a tiered midi-length skirt. The slim straps tie at the shoulders for a playful finish, while the added stretch in the fabric delivers a comfortable feel.
 
 M&S Collection: easy-to-wear wardrobe staples that combine classic and contemporary styles.",Checked Tie Detail Midi Cami Dress,New,N/A,10.49,N/A,10.49,"10, 12, 14, 16, 18, 20, 22, 24, 6, 8, Petite, Regular, Tall","Regular fit, Added Stretch",2026-01-16T11:45:21.852390Z,T425724
M&S,Home > Women > Dresses > Midi Dresses,"Wash at 30°C, Do not bleach, Do not tumble dry, Iron at low temperature, Professional dry clean",Midi Dresses,Blue Mix,"95% viscose, 5% elastane",GBP,"https://assets.digitalcontent.marksandspencer.app/images/w_2560,q_auto,f_auto/MS_10_T83_8095G_E4_X_EC_0/Jersey-Floral-Puff-Sleeve-Midi-Tea-Dress, https://assets.digitalcontent.marksandspencer.app/images/w_2560,q_auto,f_auto/MS_10_T83_8095G_E4_X_EC_1/Jersey-Floral-Puff-Sleeve-Midi-Tea-Dress, https://assets.digitalcontent.marksandspencer.app/images/w_2560,q_auto,f_auto/MS_10_T83_8095G_E4_X_EC_2/Jersey-Floral-Puff-Sleeve-Midi-Tea-Dress, https://assets.digitalcontent.marksandspencer.app/images/w_2560,q_auto,f_auto/MS_10_T83_8095G_E4_X_EC_3/Jersey-Floral-Puff-Sleeve-Midi-Tea-Dress","95% viscose, 5% elastane",https://www.marksandspencer.com/jersey-floral-puff-sleeve-midi-tea-dress/p/clp23031192?color=BLUEMIX,"Crafted from soft jersey, this tea dress by Finery London is as comfy as it is stylish. It's made in a regular fit, with a midi-length hem and a waist seam that creates a flattering fitted silhouette. Short puffed sleeves with gathered cuffs frame the crew-neck bodice. A print of climbing daisies adds extra charm, and pockets provide a handy finish.",Jersey Floral Puff Sleeve Midi Tea Dress,Online only,5,49,9,49,"10, 12, 14, 16, 18, 20, 22, 24, 8","Regular fit, Button fastening, Unlined",2026-01-16T11:45:25.101321Z,T838095G
M&S,Home > Women > Dresses,"Do not wash, Do not bleach, Do not tumble dry, Do not iron, Professional dry clean",Dresses,Blue,"94% polyester, 6% elastane",GBP,"https://assets.digitalcontent.marksandspencer.app/images/w_2560,q_auto,f_auto/MS_10_T83_8776E_E0_X_EC_0/Ombre-Sequin-Wrap-Detail-V-Neck-Midi-Dress, https://assets.digitalcontent.marksandspencer.app/images/w_2560,q_auto,f_auto/MS_10_T83_8776E_E0_X_EC_1/Ombre-Sequin-Wrap-Detail-V-Neck-Midi-Dress, https://assets.digitalcontent.marksandspencer.app/images/w_2560,q_auto,f_auto/MS_10_T83_8776E_E0_X_EC_2/Ombre-Sequin-Wrap-Detail-V-Neck-Midi-Dress, https://assets.digitalcontent.marksandspencer.app/images/w_2560,q_auto,f_auto/MS_10_T83_8776E_E0_X_EC_3/Ombre-Sequin-Wrap-Detail-V-Neck-Midi-Dress, https://assets.digitalcontent.marksandspencer.app/images/w_2560,q_auto,f_auto/MS_10_T83_8776E_E0_X_EC_4/Ombre-Sequin-Wrap-Detail-V-Neck-Midi-Dress","94% polyester, 6% elastane",https://www.marksandspencer.com/ombre-sequin-wrap-detail-v-neck-midi-dress/p/clp23021178,"This elegant midi dress by Sosandar features beautiful ombre sequins, perfect for summer evening parties and formal occasions. It's made in a regular fit with a glamorous wrap-style V-neck for a flattering drape and delicate neckline. The sleeveless cut and fitted waist create a flattering long shape, while the soft fabric showcases the eye-catching sequins. Finished with a back zip for easy wear. Sosandar: contemporary designs with attention to detail for a stylish wardrobe.",Ombre Sequin Wrap Detail V-Neck Midi Dress,Online only,5,95,1,95,"10, 12, 14, 8","Regular fit, Back zip fastening",2026-01-16T11:45:27.832632Z,T838776E
M&S,Home > Women > Dresses > Midi Dresses,"Wash at 30°C, Do not bleach, Do not tumble dry, Iron at low temperature, Professional dry clean",Midi Dresses,Blue Mix,"95% viscose, 5% elastane",GBP,"https://assets.digitalcontent.marksandspencer.app/images/w_2560,q_auto,f_auto/MS_10_T83_8091G_E4_X_EC_0/Jersey-Floral-V-Neck-Midi-Waisted-Dress, https://assets.digitalcontent.marksandspencer.app/images/w_2560,q_auto,f_auto/MS_10_T83_8091G_E4_X_EC_1/Jersey-Floral-V-Neck-Midi-Waisted-Dress, https://assets.digitalcontent.marksandspencer.app/images/w_2560,q_auto,f_auto/MS_10_T83_8091G_E4_X_EC_2/Jersey-Floral-V-Neck-Midi-Waisted-Dress, https://assets.digitalcontent.marksandspencer.app/images/w_2560,q_auto,f_auto/MS_10_T83_8091G_E4_X_EC_3/Jersey-Floral-V-Neck-Midi-Waisted-Dress","95% viscose, 5% elastane",https://www.marksandspencer.com/jersey-floral-v-neck-midi-waisted-dress/p/clp23031197?color=BLUEMIX,"Covered in an all-over floral print, this Finery London midi dress makes a playful addition to your wardrobe. It's made in a comfy regular fit from soft jersey fabric with a flattering v-neckline and dainty puff sleeves. Cinch your waist with the neat tie fastening.",Jersey Floral V-Neck Midi Waisted Dress,Online only,4.5,45,2,45,"10, 12, 14, 16, 18, 20, 22, 24, 8","Regular fit, Tie fastening, Unlined",2026-01-16T11:45:30.972740Z,T838091G
M&S,Home > Women > Dresses > Midi Dresses,"Wash at 40°C delicate, Do not bleach, Tumble dry medium temperature, Do not iron, Professional dry clean",Midi Dresses,Dark Chocolate,"60% cotton, 39% polyamide and 1% elastane (exclusive of trimmings)",GBP,"https://assets.digitalcontent.marksandspencer.app/images/w_2560,q_auto,f_auto/SD_01_T42_8791J_N7_X_EC_0/Cotton-Rich-Textured-Midi-Column-Dress, https://assets.digitalcontent.marksandspencer.app/images/w_2560,q_auto,f_auto/SD_01_T42_8791J_N7_X_EC_90/Cotton-Rich-Textured-Midi-Column-Dress, https://assets.digitalcontent.marksandspencer.app/images/w_2560,q_auto,f_auto/SD_01_T42_8791J_N7_X_EC_1/Cotton-Rich-Textured-Midi-Column-Dress, https://assets.digitalcontent.marksandspencer.app/images/w_2560,q_auto,f_auto/SD_01_T42_8791J_N7_X_EC_2/Cotton-Rich-Textured-Midi-Column-Dress, https://assets.digitalcontent.marksandspencer.app/images/w_2560,q_auto,f_auto/SD_01_T42_8791J_N7_X_EC_3/Cotton-Rich-Textured-Midi-Column-Dress","60% cotton, 39% polyamide and 1% elastane (exclusive of trimmings)",https://www.marksandspencer.com/cotton-rich-textured-midi-column-dress/p/clp60778367?color=DARKCHOCOLATE,"This cotton-rich column dress is an effortlessly elegant choice. It's designed in a flattering fitted shape, with added stretch in the textured fabric for comfort. The midi-length skirt features a back slit for easy movement. Long flared sleeves and a round neckline create a sophisticated silhouette. 
 
 M&S Collection: easy-to-wear wardrobe staples that combine classic and contemporary styles.",Cotton Rich Textured Midi Column Dress,New,N/A,33,N/A,33,"10, 12, 14, 16, 18, 6, 8","Fitted, Added Stretch",2026-01-16T11:45:33.012707Z,T428791J
M&S,Home > Women > Dresses,Machine wash according to instructions on care label,Dresses,Khaki Mix,"95% viscose, 5% elastane",GBP,"https://assets.digitalcontent.marksandspencer.app/images/w_2560,q_auto,f_auto/MS_10_T83_8777E_KA_X_EC_0/Paisley-V-Neck-Blouson-Sleeve-Midi-Wrap-Dress, https://assets.digitalcontent.marksandspencer.app/images/w_2560,q_auto,f_auto/MS_10_T83_8777E_KA_X_EC_1/Paisley-V-Neck-Blouson-Sleeve-Midi-Wrap-Dress, https://assets.digitalcontent.marksandspencer.app/images/w_2560,q_auto,f_auto/MS_10_T83_8777E_KA_X_EC_2/Paisley-V-Neck-Blouson-Sleeve-Midi-Wrap-Dress, https://assets.digitalcontent.marksandspencer.app/images/w_2560,q_auto,f_auto/MS_10_T83_8777E_KA_X_EC_3/Paisley-V-Neck-Blouson-Sleeve-Midi-Wrap-Dress, https://assets.digitalcontent.marksandspencer.app/images/w_2560,q_auto,f_auto/MS_10_T83_8777E_KA_X_EC_4/Paisley-V-Neck-Blouson-Sleeve-Midi-Wrap-Dress","95% viscose, 5% elastane",https://www.marksandspencer.com/paisley-v-neck-blouson-sleeve-midi-wrap-dress/p/clp23021215,"This paisley print dress from Sosandar features a flattering wrap style that's perfect for various casual occasions. It's made in a regular fit with an elegant V-neckline and midi length for a flattering silhouette. The long blouson sleeves add a touch of trendy drama, while the tie fastening at the waist creates a beautifully defined shape in this lovely garment.",Paisley V-Neck Blouson Sleeve Midi Wrap Dress,N/A,4.33,75,3,75,"10, 12, 14, 16, 18, 20, 6, 8","Regular fit, Tie fastening, Unlined",2026-01-16T11:45:36.145496Z,T838777E
M&S,Home > Women > Dresses,"Wash at 40°C delicate, Do not bleach, Do not tumble dry, Iron at low temperature, Do not dry clean",Dresses,Brown,"86% viscose, 14% elastane, Skirt - 74% polyester, 26% cotton",GBP,"https://assets.digitalcontent.marksandspencer.app/images/w_2560,q_auto,f_auto/SD_01_T42_8806J_N0_X_EC_0/Jersey-Ribbed-Midi-Drop-Waist-Dress, https://assets.digitalcontent.marksandspencer.app/images/w_2560,q_auto,f_auto/SD_01_T42_8806J_N0_X_EC_90/Jersey-Ribbed-Midi-Drop-Waist-Dress, https://assets.digitalcontent.marksandspencer.app/images/w_2560,q_auto,f_auto/SD_01_T42_8806J_N0_X_EC_1/Jersey-Ribbed-Midi-Drop-Waist-Dress, https://assets.digitalcontent.marksandspencer.app/images/w_2560,q_auto,f_auto/SD_01_T42_8806J_N0_X_EC_2/Jersey-Ribbed-Midi-Drop-Waist-Dress, https://assets.digitalcontent.marksandspencer.app/images/w_2560,q_auto,f_auto/SD_01_T42_8806J_N0_X_EC_3/Jersey-Ribbed-Midi-Drop-Waist-Dress, https://assets.digitalcontent.marksandspencer.app/images/w_2560,q_auto,f_auto/SD_01_T42_8806J_N0_X_EC_4/Jersey-Ribbed-Midi-Drop-Waist-Dress, https://assets.digitalcontent.marksandspencer.app/images/w_2560,q_auto,f_auto/SD_01_T42_8806J_N0_X_EC_5/Jersey-Ribbed-Midi-Drop-Waist-Dress","86% viscose, 14% elastane, Skirt - 74% polyester, 26% cotton",https://www.marksandspencer.com/jersey-ribbed-midi-waisted-dress/p/clp60783263?color=BROWN,"Embrace understated elegance in this jersey dress. It's cut in a flattering, fitted shape, with a classic round neckline. The short-sleeved bodice is finished with an all-over ribbed texture for a tactile look, while the midi dropped-waist skirt features gentle gathers for a touch of elegant movement. This versatile day-to-evening style is crafted with added stretch for a comfortable fit.

M&S Collection: easy-to-wear wardrobe staples that combine classic and contemporary styles.",Jersey Ribbed Midi Drop Waist Dress,New,4.71,30,7,30,"10, 12, 14, 16, 18, 6, 8","Fitted, Added Stretch",2026-01-16T11:45:39.097959Z,T428806J
M&S,Home > Women > Dresses,Machine wash according to instructions on care label,Dresses,Aqua,100% viscose,GBP,"https://assets.digitalcontent.marksandspencer.app/images/w_2560,q_auto,f_auto/MS_10_T58_8052M_JC_X_EC_0/V-Neck-Waisted-Beach-Dress, https://assets.digitalcontent.marksandspencer.app/images/w_2560,q_auto,f_auto/MS_10_T58_8052M_JC_X_EC_90/V-Neck-Waisted-Beach-Dress, https://assets.digitalcontent.marksandspencer.app/images/w_2560,q_auto,f_auto/MS_10_T58_8052M_JC_X_EC_1/V-Neck-Waisted-Beach-Dress, https://assets.digitalcontent.marksandspencer.app/images/w_2560,q_auto,f_auto/MS_10_T58_8052M_JC_X_EC_2/V-Neck-Waisted-Beach-Dress, https://assets.digitalcontent.marksandspencer.app/images/w_2560,q_auto,f_auto/MS_10_T58_8052M_JC_X_EC_3/V-Neck-Waisted-Beach-Dress, https://assets.digitalcontent.marksandspencer.app/images/w_2560,q_auto,f_auto/MS_10_T58_8052M_JC_X_EC_4/V-Neck-Waisted-Beach-Dress, https://assets.digitalcontent.marksandspencer.app/images/w_2560,q_auto,f_auto/MS_10_T58_8052M_JC_X_EC_5/V-Neck-Waisted-Beach-Dress, https://assets.digitalcontent.marksandspencer.app/images/w_2560,q_auto,f_auto/MS_10_T58_8052M_JC_X_EC_6/V-Neck-Waisted-Beach-Dress",100% viscose,https://www.marksandspencer.com/v-neck-waisted-beach-cover-up/p/clp23020608,Slip on this crinkle beach dress from Pour Moi for an effortlessly stylish cover-up. It's made in a regular fit with a v-neckline and features a rattan-effect O-ring on the waist for a flattering silhouette. This three-quarter sleeve style is complete with a floaty midi-length hem.,V-Neck Waisted Beach Dress,Online only,3.75,45,4,45,"10, 12, 14, 16, 18, 20, 8",Dresses,2026-01-16T11:45:42.617249Z,T588052M
M&S,Home > Women > Dresses,"Wash at 40°C delicate, Do not bleach, Do not tumble dry, Iron at low temperature, Do not dry clean",Dresses,Grey Mix,"61% viscose, 37% polyester and 2% elastane",GBP,"https://assets.digitalcontent.marksandspencer.app/images/w_2560,q_auto,f_auto/SD_01_T42_5010J_T4_X_EC_0/Jersey-Cosy-Striped-Midi-Column-Dress, https://assets.digitalcontent.marksandspencer.app/images/w_2560,q_auto,f_auto/SD_01_T42_5010J_T4_X_EC_90/Jersey-Cosy-Striped-Midi-Column-Dress, https://assets.digitalcontent.marksandspencer.app/images/w_2560,q_auto,f_auto/SD_01_T42_5010J_T4_X_EC_1/Jersey-Cosy-Striped-Midi-Column-Dress, https://assets.digitalcontent.marksandspencer.app/images/w_2560,q_auto,f_auto/SD_01_T42_5010J_T4_X_EC_2/Jersey-Cosy-Striped-Midi-Column-Dress, https://assets.digitalcontent.marksandspencer.app/images/w_2560,q_auto,f_auto/SD_01_T42_5010J_T4_X_EC_3/Jersey-Cosy-Striped-Midi-Column-Dress, https://assets.digitalcontent.marksandspencer.app/images/w_2560,q_auto,f_auto/SD_01_T42_5010J_T4_X_EC_4/Jersey-Cosy-Striped-Midi-Column-Dress","61% viscose, 37% polyester and 2% elastane",https://www.marksandspencer.com/jersey-cosy-striped-midi-column-dress/p/clp60916854,"This textured jersey dress is crafted from soft, cosy fabric for a warm and comfortable feel. It's designed in a regular fit, with a timeless column shape that drapes elegantly through the body. Added stretch in the material offers extra flexibility. The dress has a neat slash neckline and long sleeves. It's complete with an asymmetric seam on the waistline and a midi-length hem. 
 
 M&S Collection: easy-to-wear wardrobe staples that combine classic and contemporary styles.",Jersey Cosy Striped Midi Column Dress,New,N/A,36,N/A,36,"10, 12, 14, 16, 18, 6, 8, Petite, Regular, Tall","Regular fit, Added Stretch",2026-01-16T11:45:45.799479Z,T425010J
M&S,Home > Women > Dresses,Machine wash according to instructions on care label,Dresses,Black,100% viscose,GBP,"https://assets.digitalcontent.marksandspencer.app/images/w_2560,q_auto,f_auto/MS_10_T58_8052M_Y0_X_EC_0/V-Neck-Waisted-Beach-Dress, https://assets.digitalcontent.marksandspencer.app/images/w_2560,q_auto,f_auto/MS_10_T58_8052M_Y0_X_EC_90/V-Neck-Waisted-Beach-Dress, https://assets.digitalcontent.marksandspencer.app/images/w_2560,q_auto,f_auto/MS_10_T58_8052M_Y0_X_EC_1/V-Neck-Waisted-Beach-Dress, https://assets.digitalcontent.marksandspencer.app/images/w_2560,q_auto,f_auto/MS_10_T58_8052M_Y0_X_EC_2/V-Neck-Waisted-Beach-Dress, https://assets.digitalcontent.marksandspencer.app/images/w_2560,q_auto,f_auto/MS_10_T58_8052M_Y0_X_EC_3/V-Neck-Waisted-Beach-Dress, https://assets.digitalcontent.marksandspencer.app/images/w_2560,q_auto,f_auto/MS_10_T58_8052M_Y0_X_EC_4/V-Neck-Waisted-Beach-Dress",100% viscose,https://www.marksandspencer.com/crinkle-v-neck-beach-cover-up-kaftan/p/clp23020150,"Slip on this crinkle beach dress from Pour Moi for an effortlessly chic look by the water. This summer sundress is perfect for casual holiday beachwear and can easily transition to party occasions. It's cut to a regular fit with a flattering v-neckline and features a distinctive rattan-effect O-ring at the waist to complement your silhouette with its waisted design. The three-quarter length sleeves offer just the right amount of coverage, while the floaty midi-length hem creates an elegant, breezy movement. Made from soft, lightweight fabric for a comfortable feel throughout the day.",V-Neck Waisted Beach Dress,Online only,4.38,45,8,45,"10, 12, 14, 16, 18, 20, 8",Dresses,2026-01-16T11:45:47.859061Z,T588052M
M&S,Home > Women > Dresses,"Do not wash, Do not bleach, Do not tumble dry, Do not iron, Professional dry clean",Dresses,Multi,"Main - 40% cotton, 32% polyester, 16% viscose and 12% acrylic, Lining - 100% polyester",GBP,"https://assets.digitalcontent.marksandspencer.app/images/w_2560,q_auto,f_auto/MS_10_T08_9806_ZZ_X_EC_0/Textured-Button-Through-Midi-Skater-Dress, https://assets.digitalcontent.marksandspencer.app/images/w_2560,q_auto,f_auto/MS_10_T08_9806_ZZ_X_EC_90/Textured-Button-Through-Midi-Skater-Dress, https://assets.digitalcontent.marksandspencer.app/images/w_2560,q_auto,f_auto/MS_10_T08_9806_ZZ_X_EC_1/Textured-Button-Through-Midi-Skater-Dress, https://assets.digitalcontent.marksandspencer.app/images/w_2560,q_auto,f_auto/MS_10_T08_9806_ZZ_X_EC_2/Textured-Button-Through-Midi-Skater-Dress","Main - 40% cotton, 32% polyester, 16% viscose and 12% acrylic, Lining - 100% polyester",https://www.marksandspencer.com/textured-button-through-midi-skater-dress/p/hbp23022331,"Elegant and feminine, this textured midi dress is in a flattering skater style perfect for any occasion. It's cut to a regular fit with a crew neck and short sleeves, while the midi length and button-through front adds a classic touch ideal for casual wear. The frayed edges and hammered gold-tone buttons bring beautiful detail to this fashionable item that's easy to wear.",Textured Button Through Midi Skater Dress,Online only,N/A,349,N/A,349,"10, 12, 14, 16, 18, 20, 6, 8",Dresses,2026-01-16T11:45:51.172334Z,T089806
M&S,Home > Women > Dresses > Midi Dresses,"Wash at 30°C, Do not bleach, Do not tumble dry, Iron at low temperature, Professional dry clean",Midi Dresses,Black Mix,"95% viscose, 5% elastane",GBP,"https://assets.digitalcontent.marksandspencer.app/images/w_2560,q_auto,f_auto/MS_10_T83_8091G_Y4_X_EC_0/Jersey-Floral-V-Neck-Midi-Waisted-Dress, https://assets.digitalcontent.marksandspencer.app/images/w_2560,q_auto,f_auto/MS_10_T83_8091G_Y4_X_EC_1/Jersey-Floral-V-Neck-Midi-Waisted-Dress, https://assets.digitalcontent.marksandspencer.app/images/w_2560,q_auto,f_auto/MS_10_T83_8091G_Y4_X_EC_2/Jersey-Floral-V-Neck-Midi-Waisted-Dress, https://assets.digitalcontent.marksandspencer.app/images/w_2560,q_auto,f_auto/MS_10_T83_8091G_Y4_X_EC_3/Jersey-Floral-V-Neck-Midi-Waisted-Dress","95% viscose, 5% elastane",https://www.marksandspencer.com/jersey-floral-v-neck-midi-waisted-dress/p/clp23031197?color=BLACKMIX,"Covered in an all-over floral print, this Finery London midi dress makes a playful addition to your wardrobe. It's made in a comfy regular fit from soft jersey fabric with a flattering v-neckline and dainty puff sleeves. Cinch your waist with the neat tie fastening.",Jersey Floral V-Neck Midi Waisted Dress,Online only,4.5,45,2,45,"10, 12, 14, 16, 18, 20, 22, 24, 8","Regular fit, Tie fastening, Unlined",2026-01-16T11:45:54.420311Z,T838091G
